Wallet Address,Total Transactions
bc1qm4fw7zf0qgm947q805q9hq69ewa3ty02kn0v92,995
bc1qwhasy2gvu9zpqzetg762zl2dguxrp88ym7mt3y,987
bc1q63akqyjmky6ra8htcausuwynecgyvzcc96u03a,985
bc1qa0wtx0gqmakvqhzlkkwrayze94vyk8pxxta4av,984
bc1qzh4ckk48x5uytkuq2pmfl332lkgz9cughkdw87,984
bc1qu5e5vs449sz49xcl4ku6ysk4tvkvxkf79g4xna,970
bc1qwc2sjww0jk0unzammjzel5chn9es8jzdr324zj,969
bc1qx4s9k3hsvp39ql470zdcj96wykkcstl6ktm7h0,968
bc1qtwuu8zshwkpyzk7xnf3nllcq8fxxtemtwrw9k4,965
bc1qf34yg7cjre8n23fcvm5fkdw5ny78u5yyn89wcu,962
bc1qyejzd9sxfqvkn7g3ss7yn20d7vde4p6tcmqegz,960
bc1q28ckkvca480smfs7uz7v0gdzry4j8lellk8zyt,958
bc1q559l3q4rsske0t8zeg3c7dgsd62nhj2zp2pq0a,957
bc1q0kmv6kameh0ch8kczwhx87xv9gculss74s9pxg,951
bc1qpgmhpzfzjles4jfva93ry3we6e4lgxnt7jyc0q,949
bc1qjtgxjymcgarp3gc73ykprqrztmcw0dfzg0snem,947
bc1qp0tnu9pxm870cr34eym3me5zr209jrzjhusejn,939
bc1q8s5ekvnpye8pfxglu9jr9g35hxuxt0epvn92pr,936
bc1qkdc0dpwvcjg897fsr5l5avyw3fv4etc26klku8,933
bc1qjtlgckc0pvtngynh2qg4t92dz7360rxgmawdsg,932
bc1qgys6vr2lxcl88a70pjss2jxny86nc4ff0kkn6u,931
bc1qc6d70p0c6wtl2ds7z4604wd0gdsqm0sfrcw6s0,929
bc1qrz49ykp7fm6ag2tav42k2a8a2mp2pdjq3cp95f,929
bc1q2s8mxnnammpu84kmjjcuel3cr4wqsxlkd9x0qu,928
bc1qnvdyqu200hhsdwfcqv6n9g6s3wu8q886d077s9,927
